date,bltyy:weilai5
2017/5/24,
2017/5/23,
2017/5/22,
2017/5/19,
2017/5/18,
2017/5/17,0.02610021
2017/5/16,0.039738913
2017/5/15,0.04899473
2017/5/12,0.038610039
2017/5/11,0.03103516
2017/5/10,0.025999606
2017/5/9,0.018894193
2017/5/8,0.057358645
2017/5/5,0.029524772
2017/5/4,0.026278553
2017/5/3,0.03991727
2017/5/2,-0.032200711
2017/5/1,-0.032857422
2017/4/28,-0.044057971
2017/4/27,-0.068221237
2017/4/26,-0.027847129
2017/4/25,-0.018052621
2017/4/24,-0.012781381
2017/4/21,0.005425305
2017/4/20,0.000384246
2017/4/19,-0.017361766
2017/4/18,-0.012434062
2017/4/17,-0.058555272
2017/4/13,-0.061824081
2017/4/12,-0.047627606
2017/4/11,-0.045667026
2017/4/10,-0.026114763
2017/4/7,-0.009285714
2017/4/6,0.00724113
2017/4/5,0.013114754
2017/4/4,0.042214405
2017/4/3,0.032067822
2017/3/31,0.040301318
2017/3/30,0.02387169
2017/3/29,0.017712455
2017/3/28,0.032540438
2017/3/27,0.032672112
2017/3/24,0.052610915
2017/3/23,0.037739539
2017/3/22,0.038537549
2017/3/21,0.014601421
2017/3/20,0.001769912
2017/3/17,-0.01121423
2017/3/16,-0.020708341
2017/3/15,-0.020108275
2017/3/14,-0.022115385
2017/3/13,-0.002314815
2017/3/10,0.006623807
2017/3/9,0.008777063
2017/3/8,-0.007254677
2017/3/7,-0.0248307
2017/3/6,-0.076798561
2017/3/3,-0.083482302
2017/3/2,-0.059773829
2017/3/1,-0.033981465
2017/2/28,-0.012082445
2017/2/27,-0.009034544
2017/2/24,-0.012759171
2017/2/23,-0.023425022
2017/2/22,-0.007932311
2017/2/21,0.001774623
2017/2/20,-0.006514085
2017/2/17,0.003740648
2017/2/16,0.018126346
2017/2/15,0.009675685
2017/2/14,0.019931765
2017/2/13,0.00609319
2017/2/10,0.001077973
2017/2/9,-0.014131779
2017/2/8,-0.000897022
2017/2/7,0.011602611
2017/2/6,0.018294914
2017/2/3,0.012882448
2017/2/2,-0.017277856
2017/2/1,-0.027846317
2017/1/31,-0.034104966
2017/1/30,0.007208506
2017/1/27,0.025307303
2017/1/26,0.019586703
2017/1/25,0.00265769
2017/1/24,0.003617291
2017/1/23,0.002900653
2017/1/20,0.00505689
2017/1/19,0.017120202
2017/1/18,0.019922524
2017/1/17,0.016774194
2017/1/16,-0.001802776
2017/1/13,-0.003412356
2017/1/12,-0.024824609
2017/1/11,-0.033149171
2017/1/10,0.002530273
2017/1/9,0.038224874
2017/1/6,0.014045969
2017/1/5,-0.011277533
2017/1/4,-0.027592267
2017/1/3,-0.050292191
2016/12/30,-0.013318934
2016/12/29,0
2016/12/28,-0.000877963
2016/12/27,-0.002825358
2016/12/23,-0.024407375
2016/12/22,0.030319535
2016/12/21,0.037340619
2016/12/20,0.038510911
2016/12/19,0.025387108
2016/12/16,0.000181587
2016/12/15,-0.007771553
2016/12/14,0.006088561
2016/12/13,0.033879375
2016/12/12,-0.002896976
2016/12/9,-0.002164112
2016/12/8,-0.002943341
2016/12/7,-0.004816599
2016/12/6,0.041682384
2016/12/5,0.028947857
2016/12/2,0.00313711
2016/12/1,-0.009359516
2016/11/30,-0.012662942
2016/11/29,0.04620462
2016/11/28,0.146635633
2016/11/25,0.11226781
2016/11/24,0.139643463
2016/11/23,0.054236594
2016/11/22,-0.03314239
2016/11/21,-0.001223242
2016/11/18,-0.039151713
2016/11/17,0.042013222
2016/11/16,0.062608696
2016/11/15,0.058480794
2016/11/14,0.045406097
2016/11/11,0.04852415
2016/11/10,0.033243486
2016/11/9,0.014892685
2016/11/8,0.008817204
2016/11/7,-0.024006984
2016/11/4,-0.039067559
2016/11/3,0.001315789
2016/11/2,0.004753673
2016/11/1,-0.026762957
2016/10/31,-0.032776618
2016/10/28,-0.059987631
2016/10/27,-0.084832905
2016/10/26,-0.084580984
2016/10/25,-0.041041041
2016/10/24,-0.034818942
2016/10/21,-0.017676768
2016/10/20,-0.009437596
2016/10/19,-0.028021016
2016/10/18,-0.043395508
2016/10/17,-0.012279355
2016/10/14,0.004643963
2016/10/13,-0.011730769
2016/10/12,0.011162433
2016/10/11,0.008904375
2016/10/10,-0.01618123
2016/10/7,-0.017384732
2016/10/6,0.005223447
2016/10/5,-0.01768397
2016/10/4,0.017826003
2016/10/3,0.031377899
2016/9/30,0.017519685
2016/9/29,0.052010402
2016/9/28,0.040104796
2016/9/27,0.038033583
2016/9/26,0.086631016
2016/9/23,0.051535549
2016/9/22,0.077056653
2016/9/21,0.028506034
2016/9/20,-0.006376196
2016/9/19,0.029004329
2016/9/16,0.003266551
2016/9/15,0.043648208
2016/9/14,0.013790131
2016/9/13,0.005003263
2016/9/12,-0.026912481
2016/9/9,-0.043613707
2016/9/8,-0.030701754
2016/9/7,-0.074864158
2016/9/6,-0.028012358
2016/9/5,0.016680743
2016/9/2,0.010126582
2016/9/1,0.064481577
2016/8/31,0.059580969
2016/8/30,0.008303172
2016/8/29,-0.026294166
2016/8/26,-0.055251973
2016/8/25,-0.075464084
2016/8/24,-0.054549114
2016/8/23,-0.007138487
2016/8/22,-0.003428802
2016/8/19,0.009368635
2016/8/18,-0.021854696
2016/8/17,-0.036738703
2016/8/16,-0.004417671
2016/8/15,0.00408998
2016/8/12,0.055925156
2016/8/11,0.081138488
2016/8/10,0.083550914
2016/8/9,0.115419708
2016/8/8,0.069126473
2016/8/5,0.042054006
2016/8/4,0.034669068
2016/8/3,-0.008593397
2016/8/2,0.0356814
2016/8/1,0.076483202
2016/7/29,0.052108006
2016/7/28,0.023374219
2016/7/27,0.006487488
2016/7/26,-0.042218165
2016/7/25,-0.052726049
2016/7/22,-0.032900627
2016/7/21,-0.056405772
2016/7/20,-0.051309807
2016/7/19,-0.054317844
2016/7/18,-0.043459645
2016/7/15,-0.0274293
2016/7/14,-0.039509253
2016/7/13,0
2016/7/12,0.003221649
2016/7/11,-0.024071384
2016/7/8,0.043846321
2016/7/7,0.014857881
2016/7/6,0.002368138
2016/7/5,-0.021522843
2016/7/4,-0.043794105
2016/7/1,-0.071942446
2016/6/30,-0.081107814
2016/6/29,-0.009851226
2016/6/28,-0.05455259
2016/6/27,0.013160559
2016/6/24,0.063538818
2016/6/23,0.027473662
2016/6/22,-0.00351975
2016/6/21,-0.009823577
2016/6/20,-0.067124632
2016/6/17,-0.039674668
2016/6/16,0.038375635
2016/6/15,0.060599617
2016/6/14,0.047922666
2016/6/13,0.023553299
2016/6/10,-0.015
2016/6/9,-0.068343899
2016/6/8,-0.062475897
2016/6/7,-0.065464896
2016/6/6,-0.028937658
2016/6/3,0
2016/6/2,0.040529695
2016/6/1,0.055477669
2016/5/31,0.035182951
2016/5/30,0.019386107
2016/5/27,-0.008750994
2016/5/26,-0.001998801
2016/5/25,-0.003406131
2016/5/24,-0.005222981
2016/5/23,0.025285481
2016/5/20,0.0338913
2016/5/19,0.024004924
2016/5/18,0.018829308
2016/5/17,0.010300783
2016/5/16,-0.01965154
2016/5/13,-0.007938123
2016/5/12,0.021107628
2016/5/11,0.013149656
2016/5/10,0.041350211
2016/5/9,0.081205986
2016/5/6,0.101265823
2016/5/5,0.058083039
2016/5/4,0.048208757
2016/5/3,0.011576135
2016/5/2,-0.039354411
2016/4/29,-0.013722501
2016/4/28,-0.044378698
2016/4/27,-0.057885906
2016/4/26,-0.037659574
2016/4/25,-0.010986644
2016/4/22,0.057430168
2016/4/21,0.055801594
2016/4/20,0.050748938
2016/4/19,0.018205747
2016/4/18,0.021689498
2016/4/15,0.046339203
2016/4/14,0.043873979
2016/4/13,0.041343079
2016/4/12,-0.002277904
2016/4/11,-0.025293586
2016/4/8,0.000934361
2016/4/7,0.045118167
2016/4/6,0.106908724
2016/4/5,0.113962264
2016/4/4,0.116879729
2016/4/1,0.114688664
2016/3/31,0.023483871
2016/3/30,-0.009715994
2016/3/29,-0.040310466
2016/3/28,-0.061204097
2016/3/24,-0.035829808
2016/3/23,-0.007663782
2016/3/22,-0.014800197
2016/3/21,-0.037277537
2016/3/18,-0.029461483
2016/3/17,-0.02436083
2016/3/16,-0.021482018
2016/3/15,0.034071127
2016/3/14,0.063157895
2016/3/11,0.043543921
2016/3/10,0.026002972
2016/3/9,0.00124502
2016/3/8,-0.046278159
2016/3/7,0.00480526
2016/3/4,-0.011021308
2016/3/3,0.031595171
2016/3/2,0.101402373
2016/3/1,0.066918511
2016/2/29,0.11557377
2016/2/26,0.0625
2016/2/25,0.046275395
2016/2/24,0.044532131
2016/2/23,0.063644289
2016/2/22,0.113677812
2016/2/19,0.022209403
2016/2/18,0.071256039
2016/2/17,0.012356575
2016/2/16,-0.056495555
2016/2/15,0.073374613
2016/2/12,-0.026168774
2016/2/11,0.041041348
2016/2/10,0.120141343
2016/2/9,0.042944785
2016/2/8,0.103862382
2016/2/5,-0.016862391
2016/2/4,-0.087899209
2016/2/3,-0.099447514
2016/2/2,-0.13137863
2016/2/1,0.019649985
2016/1/29,0
2016/1/28,-0.041260106
2016/1/27,0.001977401
2016/1/26,-0.036960378
2016/1/25,0.097780637
2016/1/22,0.192090395
2016/1/21,0.103491272
2016/1/20,0.13795424
2016/1/19,0.118747751
2016/1/18,0.047337278
2016/1/15,0.116214335
2016/1/14,0.020954998
2016/1/13,-0.106430868
2016/1/12,-0.049933862
2016/1/11,-0.067791113
2016/1/8,-0.078797468
2016/1/7,-0.064942874
2016/1/6,-0.104530649
2016/1/5,-0.103257708
2016/1/4,-0.136376059
2015/12/31,-0.109266202
2015/12/30,-0.101861702
2015/12/29,-0.062704471
2015/12/28,-0.021396095
2015/12/24,0.020218579
2015/12/23,-0.008700237
2015/12/22,-0.02937285
2015/12/21,0.027762507
2015/12/18,0.010212531
2015/12/17,0.037756498
2015/12/16,0.022733424
2015/12/15,-0.031674208
2015/12/14,-0.057737321
2015/12/11,-0.037904712
2015/12/10,-0.034491769
2015/12/9,-0.050063211
2015/12/8,-0.046615423
2015/12/7,-0.061047949
2015/12/4,-0.058780128
2015/12/3,-0.084914391
2015/12/2,-0.084657286
2015/12/1,-0.052014995
2015/11/30,-0.081752484
2015/11/27,-0.028764045
2015/11/26,-0.018052151
2015/11/25,-0.064445419
2015/11/24,-0.043215212
2015/11/23,-0.030712263
2015/11/20,-0.005320328
2015/11/19,0.025629496
2015/11/18,0.045639404
2015/11/17,0.037045403
2015/11/16,0.025460332
2015/11/13,-0.008470798
2015/11/12,-0.007623318
2015/11/11,-0.020575221
2015/11/10,-0.055805967
2015/11/9,-0.059735904
2015/11/6,-0.057082452
2015/11/5,-0.051615611
2015/11/4,-0.031795511
2015/11/3,-0.02473426
2015/11/2,-0.058706468
2015/10/30,-0.022759893
2015/10/29,-0.027878788
2015/10/28,0.006377289
2015/10/27,0.023004886
2015/10/26,0.036997661
2015/10/23,0.042983565
2015/10/22,0.011023295
2015/10/21,0.018664455
2015/10/20,-0.01795782
2015/10/19,-0.021846661
2015/10/16,-0.016969945
2015/10/15,-0.045148515
2015/10/14,-0.048480032
2015/10/13,-0.021379589
2015/10/12,-0.015102698
2015/10/9,-0.002567648
2015/10/8,-0.045876777
2015/10/7,-0.074136321
2015/10/6,-0.047015928
2015/10/5,-0.029146692
2015/10/2,0.071718813
2015/10/1,0.110535048
2015/9/30,0.084269663
2015/9/29,0.076589595
2015/9/28,0.026700042
2015/9/25,0.017299578
2015/9/24,-0.005792305
2015/9/23,0.002276019
2015/9/22,0.00292887
2015/9/21,-0.036585366
2015/9/18,-0.008003283
2015/9/17,0.011511093
2015/9/16,-0.031408308
2015/9/15,-0.015606242
2015/9/14,0.012466237
2015/9/11,0.007804261
2015/9/10,0.005501222
2015/9/9,0.025230769
2015/9/8,-0.005373011
2015/9/7,-0.038531738
2015/9/4,0.027638191
2015/9/3,-0.010955569
2015/9/2,-0.043675889
2015/9/1,-0.022983951
2015/8/31,-0.018092105
2015/8/28,-0.072100904
2015/8/27,0.013418786
2015/8/26,0.064767932
2015/8/25,0.114573786
2015/8/24,0.221149425
2015/8/21,0.176207303
2015/8/20,0.043363416
2015/8/19,-0.056432432
2015/8/18,-0.072098976
2015/8/17,-0.127440904
2015/8/14,-0.06464896
2015/8/13,-0.051671109
2015/8/12,-0.055790534
2015/8/11,-0.031069508
2015/8/10,-0.026067776
2015/8/7,-0.030417495
2015/8/6,0.023922458
2015/8/5,0.011890367
2015/8/4,0.003016895
2015/8/3,0.000397772
2015/7/31,-0.022181892
2015/7/30,-0.043008679
2015/7/29,-0.068565006
2015/7/28,-0.061064426
2015/7/27,-0.06398641
2015/7/24,-0.020959215
2015/7/23,-0.021627566
2015/7/22,-0.033567948
2015/7/21,-0.055446604
2015/7/20,-0.070551071
2015/7/17,-0.035019455
2015/7/16,-0.028065252
2015/7/15,-0.015100966
2015/7/14,-0.006797978
2015/7/13,-0.040719376
2015/7/10,-0.019435845
2015/7/9,-0.032942775
2015/7/8,-0.019986334
2015/7/7,0.029879434
2015/7/6,0.011306314
2015/7/3,0.039724576
2015/7/2,-0.033195706
2015/7/1,-0.073348446
2015/6/30,-0.073638414
2015/6/29,-0.102945835
2015/6/26,-0.023229553
2015/6/25,-0.020459952
2015/6/24,-0.021598613
2015/6/23,-0.006920415
2015/6/22,-0.039361537
2015/6/19,-0.003162055
2015/6/18,0.010836653
2015/6/17,-0.011812247
2015/6/16,0.013029827
2015/6/15,-0.006596513
2015/6/12,-0.018611198
2015/6/11,-0.002789833
2015/6/10,-0.027035283
2015/6/9,-0.036616735
2015/6/8,-0.027084601
2015/6/5,0.020886076
2015/6/4,0.035426222
2015/6/3,0.064251208
2015/6/2,0.03138732
2015/6/1,-0.03349136
2015/5/29,-0.026931363
2015/5/28,-0.05118411
2015/5/27,0.013842482
2015/5/26,0.050441767
2015/5/25,0.017060573
2015/5/22,-0.006828528
2015/5/21,-0.041482385
2015/5/20,-0.063628159
2015/5/19,-0.016471675
2015/5/18,0.022498061
2015/5/15,-0.011010558
2015/5/14,-0.005683518
2015/5/13,-0.025356339
2015/5/12,-0.038633652
2015/5/11,-0.022412268
2015/5/8,0.032268025
2015/5/7,0.016161
2015/5/6,0.021484077
2015/5/5,0.005485545
2015/5/4,-0.041438508
2015/5/1,-0.01115634
2015/4/30,-0.013231093
2015/4/29,0.009730539
2015/4/28,0.030030488
2015/4/27,0.02725724
2015/4/24,0.028770302
2015/4/23,0.020003054
2015/4/22,0.01297097
2015/4/21,0.027366746
2015/4/20,0.045947258
2015/4/17,0.031663516
2015/4/16,0.016321406
2015/4/15,-0.017047232
2015/4/14,-0.014351778
2015/4/13,0.055010803
2015/4/10,0.079085521
2015/4/9,0.081895093
2015/4/8,0.082700276
2015/4/7,0.050270553
2015/4/6,0.00733538
2015/4/2,0.019844694
2015/4/1,0.050607655
2015/3/31,0.010762174
2015/3/30,0.063883848
2015/3/27,0.024575672
2015/3/26,-0.01764077
2015/3/25,-0.037037037
2015/3/24,-0.022703086
2015/3/23,0.022599892
2015/3/20,0.004115226
2015/3/19,0.065918146
2015/3/18,0.035255233
2015/3/17,-0.017060601
2015/3/16,0.048592871
2015/3/13,0.019759926
2015/3/12,-0.00783385
2015/3/11,-0.015914655
2015/3/10,-0.084507042
2015/3/9,-0.048497628
2015/3/6,-0.063470398
2015/3/5,-0.044771133
2015/3/4,-0.040382397
2015/3/3,-0.06058105
2015/3/2,-0.038865202
2015/2/27,-0.002167028
2015/2/26,-0.02896927
2015/2/25,0.000991408
2015/2/24,-0.015021806
2015/2/23,0.021106383
2015/2/20,0.058983051
2015/2/19,0.006988353
2015/2/18,0.028234513
2015/2/17,-0.011940801
2015/2/16,-0.052817467
2015/2/13,-0.024350649
2015/2/12,-0.019540791
2015/2/11,0.003713707
2015/2/10,0.106394316
2015/2/9,0.062618596
2015/2/6,0.061538462
2015/2/5,0.018569464
2015/2/4,-0.010370891
2015/2/3,0.062889622
2015/2/2,0.014912281
2015/1/30,0.060346399
2015/1/29,0.074409821
2015/1/28,0.111926606
2015/1/27,0.171634121
2015/1/26,0.113479497
2015/1/23,0.100602785
2015/1/22,0.010298661
2015/1/21,-0.007142857
2015/1/20,0.010461538
2015/1/19,-0.001245589
2015/1/16,-0.006141249
2015/1/15,-0.018036072
2015/1/14,0.008064516
2015/1/13,-0.031369395
2015/1/12,0.017708333
2015/1/9,0.029715229
2015/1/8,-0.056942278
2015/1/7,-0.025857003
2015/1/6,-0.059192474
2015/1/5,-0.047937132
2015/1/2,-0.035183443
2014/12/31,-0.096620067
2014/12/30,-0.113466551
2014/12/29,-0.114936533
2014/12/26,-0.008580489
2014/12/24,-0.050571237
2014/12/23,-0.04322527
2014/12/22,-0.065637693
2014/12/19,-0.108431731
2014/12/18,-0.042316975
2014/12/17,0.005684668
2014/12/16,0.015006596
2014/12/15,0.005518395
2014/12/12,0.026933245
2014/12/11,-0.034076227
2014/12/10,-0.041416377
2014/12/9,-0.070418156
2014/12/8,-0.087317147
2014/12/5,-0.062953995
2014/12/4,-0.082390484
2014/12/3,-0.073455279
2014/12/2,-0.053120091
2014/12/1,-0.070474047
2014/11/28,-0.052891881
2014/11/27,-0.008426164
2014/11/26,-0.03831365
2014/11/25,-0.08306462
2014/11/24,-0.068824357
2014/11/21,-0.11813602
2014/11/20,-0.093827775
2014/11/19,-0.028324351
2014/11/18,0.001537476
2014/11/17,0.012625941
2014/11/14,0.016186141
2014/11/13,0.002386935
2014/11/12,0.002826674
2014/11/11,-0.017541661
2014/11/10,-0.026707692
2014/11/7,-0.027845628
2014/11/6,-0.062289157
2014/11/5,-0.03646022
2014/11/4,0.000985586
2014/11/3,-0.009436245
2014/10/31,-0.012375059
2014/10/30,-0.036412285
2014/10/29,-0.057259001
2014/10/28,-0.0472568
2014/10/27,-0.025397194
2014/10/24,0.00620391
2014/10/23,-0.00173913
2014/10/22,0.000692042
2014/10/21,0.018304204
2014/10/20,-0.011570057
2014/10/17,0.010663229
2014/10/16,0.006968641
2014/10/15,0.002248787
2014/10/14,0.03670385
2014/10/13,-0.003270264
2014/10/10,-0.02236857
2014/10/9,-0.060073423
2014/10/8,-0.062099224
2014/10/7,-0.065793781
2014/10/6,-0.039690328
2014/10/3,-0.031670796
2014/10/2,-0.036422764
2014/10/1,-0.0224
2014/9/30,-0.027052833
2014/9/29,-0.020780591
2014/9/26,-0.049654888
2014/9/25,-0.03250774
2014/9/24,-0.028748068
2014/9/23,-0.023586363
2014/9/22,0.001341036
2014/9/19,0.000516262
2014/9/18,-0.013519008
2014/9/17,-0.005429215
2014/9/16,-0.023962948
2014/9/15,-0.021717172
2014/9/12,0.003877551
2014/9/11,-0.001840491
2014/9/10,0.003739262
2014/9/9,0.002531646
2014/9/8,-0.012196351
2014/9/5,-0.024438903
2014/9/4,-0.020005942
2014/9/3,-0.030436917
2014/9/2,-0.030679043
2014/9/1,-0.023285269
2014/8/29,-0.01588694
2014/8/28,-0.011548913
2014/8/27,-0.001171074
2014/8/26,0.000389864
2014/8/25,0.00019497
2014/8/22,0.003701539
2014/8/21,0.003623898
2014/8/20,-0.000876424
2014/8/19,0.002835077
2014/8/18,-0.001167542
2014/8/15,0.003045486
2014/8/14,-0.006866538
2014/8/13,0.00205721
2014/8/12,-0.018150554
2014/8/11,-0.019364162
2014/8/8,-0.016081454
2014/8/7,-0.027994668
2014/8/6,-0.007207891
2014/8/5,-0.007553303
2014/8/4,0.004588471
2014/8/1,-0.003699839
2014/7/31,0.005723006
2014/7/30,-0.013488021
2014/7/29,-0.017838701
2014/7/28,-0.021444486
2014/7/25,-0.025378823
2014/7/24,-0.021865486
2014/7/23,-0.005230223
2014/7/22,-0.002869573
2014/7/21,0.002236094
2014/7/18,0.006593611
2014/7/17,-0.000653351
2014/7/16,-0.003872752
2014/7/15,0.01340761
2014/7/14,0.016712303
2014/7/11,0.003747424
2014/7/10,0.018023092
2014/7/9,-0.024410464
2014/7/8,-0.020711974
2014/7/7,-0.019474554
2014/7/4,-0.03066424
2014/7/3,-0.018267318
2014/7/2,-0.026202053
2014/7/1,-0.019897362
2014/6/30,-0.018837604
2014/6/27,-0.016192171
2014/6/26,-0.018731225
2014/6/25,-0.018902924
2014/6/24,-0.01745614
2014/6/23,-0.015158153
2014/6/20,-0.008236944
2014/6/19,-0.012818277
2014/6/18,-0.008005569
2014/6/17,-8.76E-05
2014/6/16,0.007148531
2014/6/13,0.016396348
2014/6/12,0.012511013
2014/6/11,0.008303887
2014/6/10,0.029155313
2014/6/9,0.029095221
2014/6/6,0.032193525
2014/6/5,0.039963252
2014/6/4,0.011204996
2014/6/3,0.014527621
2014/6/2,0.01019752
2014/5/30,0.000459559
2014/5/29,-0.005571285
2014/5/28,-0.018170255
2014/5/27,-0.010994003
2014/5/26,-0.012614575
2014/5/23,0.016620241
2014/5/22,-0.003350235
2014/5/21,-0.002989401
2014/5/20,-0.003166275
2014/5/19,-0.019482884
2014/5/16,0.00987564
2014/5/15,0.006473377
2014/5/14,0.000996106
2014/5/13,-0.002904866
2014/5/12,-0.000365631
2014/5/9,0.011621472
2014/5/8,0.022784107
2014/5/7,0.019811146
2014/5/6,0.01211953
2014/5/5,0.012230417
2014/5/2,0.003531927
2014/5/1,-0.008080808
2014/4/30,0.00362117
2014/4/29,-0.00952469
2014/4/28,-0.012120099
2014/4/25,0.007214206
2014/4/24,-0.01544931
2014/4/23,-0.020382281
2014/4/22,-0.002107385
2014/4/21,-0.011429094
2014/4/17,-0.005183703
2014/4/16,0.005739796
2014/4/15,-0.005195515
2014/4/14,0.005978661
2014/4/11,0.008529762
2014/4/10,0.0249323
2014/4/9,0.022079374
2014/4/8,0.008440775
2014/4/7,0.013572557
2014/4/4,0.010378338
2014/4/3,0.006469761
2014/4/2,0.014968932
2014/4/1,0.027411652
2014/3/31,0.007030879
2014/3/28,-0.009749304
2014/3/27,-0.016208206
2014/3/26,-0.027764881
2014/3/25,-0.01635514
2014/3/24,0.007200973
2014/3/21,0.012946806
2014/3/20,0.004570896
2014/3/19,0.007248423
2014/3/18,0.010298564
2014/3/17,-0.000562588
2014/3/14,0.007518797
2014/3/13,-0.021282477
2014/3/12,-0.014892033
2014/3/11,-0.015053565
2014/3/10,-0.018450185
2014/3/7,0.006491098
2014/3/6,-0.012045977
2014/3/5,-0.001107011
2014/3/4,0.006032483
2014/3/3,-0.012001832
2014/2/28,-0.02247191
2014/2/27,-0.006871278
2014/2/26,-0.009377586
2014/2/25,-0.003287371
2014/2/24,0.015147367
2014/2/21,-0.014090868
2014/2/20,-0.009741442
2014/2/19,-0.008869581
2014/2/18,-0.007516754
2014/2/17,0.000723131
2014/2/14,0.025104993
2014/2/13,0.013019162
2014/2/12,0.015823367
2014/2/11,0.018317378
2014/2/10,-0.014350106
2014/2/7,0.005995204
2014/2/6,-0.008483079
2014/2/5,0.012299665
2014/2/4,0.023538273
2014/2/3,0.022830189
2014/1/31,0.034635712
2014/1/30,0.008646617
2014/1/29,-0.013834726
2014/1/28,-0.016241299
2014/1/27,-0.013499674
2014/1/24,-0.005049561
2014/1/23,-0.001761053
2014/1/22,0.001580219
2014/1/21,-0.006199112
2014/1/20,0.001310861
2014/1/17,0.014671306
2014/1/16,0.011851016
2014/1/15,0.009527368
2014/1/14,-0.001869159
2014/1/13,0.001035587
2014/1/10,-0.000470057
2014/1/9,-0.004000372
2014/1/8,0.005166745
2014/1/7,-0.010157488
2014/1/6,-0.010051187
2014/1/3,0.004579439
2014/1/2,-0.005419041
2013/12/31,-0.004730106
2013/12/30,-0.031109107
2013/12/27,-0.037769784
2013/12/26,-0.045312639
2013/12/24,-0.037321429
2013/12/23,-0.009821429
2013/12/20,-0.003316304
2013/12/19,0.002414163
2013/12/18,0.017626749
2013/12/17,0.02489019
2013/12/16,0.031050735
2013/12/13,0.01249321
2013/12/12,0.011302031
2013/12/11,0.005520795
2013/12/10,-0.012051493
2013/12/9,0.008767123
2013/12/6,-0.003479535
2013/12/5,-0.027472036
2013/12/4,-0.013598703
2013/12/3,-0.019256605
2013/12/2,-0.032512403
2013/11/29,0.002961766
2013/11/28,0.008446099
2013/11/27,0.006309148
2013/11/26,0.011560176
2013/11/25,0.00342219
2013/11/22,-0.008464656
2013/11/21,0.004163273
2013/11/20,0.013073082
2013/11/19,0.027577272
2013/11/18,0.038627011
2013/11/15,0.018622661
2013/11/14,0.015207373
2013/11/13,-0.004422333
2013/11/12,-0.001867065
2013/11/11,0.025139401
2013/11/8,0.019736842
2013/11/7,0.032534247
2013/11/5,0.035375991
2013/11/4,0.004557106
2013/11/1,0.001600301
2013/10/31,-0.007459163
2013/10/30,-0.049430356
2013/10/29,-0.041234298
2013/10/28,-0.025502248
2013/10/25,-0.033756044
2013/10/24,0.017862153
2013/10/23,0.026824937
2013/10/22,0.01122449
2013/10/21,-0.00327362
2013/10/18,-0.024717256
2013/10/17,-0.026832818
2013/10/16,-0.012006232
2013/10/15,-0.005606294
2013/10/14,0.002010601
2013/10/11,-0.002721335
2013/10/10,-0.011863793
2013/10/9,-0.003064996
2013/10/8,0.010621594
2013/10/7,0.007586144
2013/10/4,0.0067469
2013/10/3,0.013429563
2013/10/2,-0.006697248
2013/10/1,0.002014837
2013/9/30,0.016120067
2013/9/27,0.010058134
2013/9/26,0.003406057
2013/9/25,-0.000183133
2013/9/24,-0.003508124
2013/9/23,-0.002485272
2013/9/20,0.004345414
2013/9/19,-9.16E-05
2013/9/18,-0.004045605
2013/9/17,-0.017721519
2013/9/16,-0.00027729
2013/9/13,-0.007722358
2013/9/12,-0.026320501
2013/9/11,-0.008338564
2013/9/10,-0.018150467
2013/9/9,0.000454463
2013/9/6,-0.005608475
2013/9/5,-0.039528074
2013/9/4,-0.043987507
2013/9/3,-0.042555043
2013/9/2,-0.028959198
2013/8/30,0.015656433
2013/8/29,0.010963951
2013/8/28,-0.002170893
2013/8/27,-0.007975302
2013/8/26,-0.000262329
2013/8/23,0.029621602
2013/8/22,0.037103746
2013/8/21,0.061055505
2013/8/20,0.041435206
2013/8/19,0.005265547
2013/8/16,0.010373066
2013/8/15,-0.004528986
2013/8/14,0.001916058
2013/8/13,0.012222018
2013/8/12,0.013089971
2013/8/9,0.024689066
2013/8/8,0.012751802
2013/8/7,0.020059993
2013/8/6,0.009679821
2013/8/5,-0.004067295
2013/8/2,-0.004415823
2013/8/1,-0.020835246
2013/7/31,-0.019171079
2013/7/30,0.004456825
2013/7/29,0.016743055
2013/7/26,0.013959981
2013/7/25,0.022114398
2013/7/24,0.000464468
2013/7/23,-0.002612184
2013/7/22,-0.008946689
2013/7/19,-0.009061489
2013/7/18,-0.00388637
2013/7/17,-0.013891444
2013/7/16,-0.001749379
2013/7/15,9.25E-05
2013/7/12,-9.25E-05
2013/7/11,0.007134254
2013/7/10,0.014667414
2013/7/9,-0.003409824
2013/7/8,0.002504406
2013/7/5,0.004654193
2013/7/4,-0.006312662
2013/7/3,0.028140989
2013/7/2,0.01938351
2013/7/1,0.032980769
2013/6/28,0.045825243
2013/6/27,0.033085356
2013/6/26,0.028593659
2013/6/25,0.023017903
2013/6/24,0.017183488
2013/6/21,0.00988533
2013/6/20,0.018927757
2013/6/19,-0.004796867
2013/6/18,-0.045797211
2013/6/17,-0.045840407
2013/6/14,-0.043235043
2013/6/13,-0.035683942
2013/6/12,0.011148166
2013/6/11,0.023754345
2013/6/10,0.024278916
2013/6/7,0.0194399
2013/6/6,0.003729916
2013/6/5,-0.000482579
2013/6/4,-0.000679348
2013/6/3,0.006489733
2013/5/31,0.024495395
2013/5/30,0.032074908
2013/5/29,0.008317839
2013/5/28,0.00790784
2013/5/27,-0.020819342
2013/5/24,-0.021730657
2013/5/23,-0.004384256
2013/5/22,-9.76E-05
2013/5/21,0.01588694
2013/5/20,-0.01241459
2013/5/17,-0.020610687
2013/5/16,-0.021024465
2013/5/15,-0.011370206
2013/5/14,0.003961353
2013/5/13,0.022339284
2013/5/10,0.019485581
2013/5/9,-0.001251083
2013/5/8,-0.009284962
2013/5/7,-0.017538815
2013/5/6,-0.016858238
2013/5/3,-0.014697516
2013/5/2,0.002687398
2013/5/1,0.014487117
2013/4/30,0.044522261
2013/4/29,0.030184624
2013/4/26,0.003660534
2013/4/25,-0.003005041
2013/4/24,-0.033459047
2013/4/23,0.006291163
2013/4/22,0.034891835
2013/4/19,0.02759239
2013/4/18,0.037732062
2013/4/17,0.026228185
2013/4/16,0.026819531
2013/4/15,0.004804324
2013/4/12,-0.009738647
2013/4/11,-0.037946429
2013/4/10,-0.064092738
2013/4/9,-0.055492532
2013/4/8,-0.052001884
2013/4/5,-0.015478693
2013/4/4,0.002497119
2013/4/3,-0.005266128
2013/4/2,-0.008962749
2013/4/1,-0.054476466
2013/3/28,-0.062657544
2013/3/27,-0.033448464
2013/3/26,-0.023520831
2013/3/25,0.012161668
2013/3/22,0.026902099
2013/3/21,0.021920862
2013/3/20,0.020656928
2013/3/19,0.005886681
2013/3/18,0.006700791
2013/3/15,-0.016893434
2013/3/14,-0.021398652
2013/3/13,-0.002202643
2013/3/12,-0.007298596
2013/3/11,0.002563398
2013/3/8,0.001185158
2013/3/7,-0.017050068
2013/3/6,-0.026180837
2013/3/5,-0.01647758
2013/3/4,-0.01720276
2013/3/1,0.006903443
2013/2/28,0.006793478
2013/2/27,-0.002873047
2013/2/26,-0.002324126
2013/2/25,-0.023245497
2013/2/22,-0.035302342
2013/2/21,-0.023838738
2013/2/20,-0.014621686
2013/2/19,-0.025
2013/2/18,-0.026208305
2013/2/15,-0.027943432
2013/2/14,-0.035101139
2013/2/13,-0.020338983
2013/2/12,-0.003053953
2013/2/11,-0.003142251
2013/2/8,0.003839263
2013/2/7,-0.007569386
2013/2/6,0.005458888
2013/2/5,0.008738114
2013/2/4,0.00592173
2013/2/1,0.028546713
2013/1/31,0.004110997
2013/1/30,0.010212029
2013/1/29,0.014099217
2013/1/28,0.010842952
2013/1/25,0.028903772
2013/1/24,0.020038842
2013/1/23,0.014300847
2013/1/22,0.013829787
2013/1/21,0.009428927
2013/1/18,0.014054248
2013/1/17,0.012422915
2013/1/16,0.01530153
2013/1/15,0.024981765
2013/1/14,0.018972909
2013/1/11,0.008472285
2013/1/10,0.011471231
2013/1/9,-0.012958963
2013/1/8,-0.01118427
2013/1/7,-0.008844024
2013/1/4,-0.014003591
2013/1/3,-0.001706945
2013/1/2,-0.011325129
2012/12/31,-0.004712368
2012/12/28,0.002610026
2012/12/27,0.00623757
2012/12/26,0.012093863
2012/12/24,0.012604664
2012/12/21,0.021231618
2012/12/20,0.015141782
2012/12/19,0.005444646
2012/12/18,0.00643349
2012/12/17,-0.000367512
2012/12/14,0.012356001
2012/12/13,0.018672583
2012/12/12,0.036633477
2012/12/11,0.007591187
2012/12/10,-0.003425609
2012/12/7,0.007919501
2012/12/6,-0.005232667
2012/12/5,0.009249743
2012/12/4,-0.007352265
2012/12/3,-0.02285142
2012/11/30,-0.035160476
2012/11/29,-0.037759597
2012/11/28,-0.017605634
2012/11/27,0.003013423
2012/11/26,0.009556749
2012/11/23,0.002794807
2012/11/22,-0.005566529
2012/11/21,-0.009407508
2012/11/20,-0.008930182
2012/11/19,0.009924429
2012/11/16,-0.002864816
2012/11/15,0.014685636
2012/11/14,0.026386446
2012/11/13,0.01244469
2012/11/12,0.040618595
2012/11/9,-0.001100211
2012/11/8,-0.012705667
2012/11/7,0.011468531
2012/11/6,0.004868002
2012/11/5,-0.018006662
2012/11/2,0.015501717
2012/11/1,0.01485617
2012/10/31,-0.012480355
2012/10/30,0.021803128
2012/10/29,-0.012376238
2012/10/26,-0.034356725
2012/10/25,-0.012596988
2012/10/24,0.001935662
2012/10/23,0.011404729
2012/10/22,0.010993072
2012/10/19,0.001005117
2012/10/18,-0.014980933
2012/10/17,-0.04065113
2012/10/16,-0.043896838
2012/10/15,-0.04
2012/10/12,-0.037237762
2012/10/11,-0.01047443
2012/10/10,-0.012731078
2012/10/9,0.007245096
2012/10/8,-0.000873362
2012/10/5,0.01600787
2012/10/4,0.02374576
2012/10/3,0.005329543
2012/10/2,0.058518998
2012/10/1,0.002240746
2012/9/28,-0.001515287
2012/9/27,0.001690542
2012/9/26,-0.034282653
2012/9/25,0.013904035
2012/9/24,0.015753735
2012/9/21,0.023495128
2012/9/20,0.005295279
2012/9/19,9.09E-05
2012/9/18,0.020889176
2012/9/17,-0.019816121
2012/9/14,-0.020827841
2012/9/13,-0.056831819
2012/9/12,-0.066361754
2012/9/11,-0.028613544
2012/9/10,-0.008538817
2012/9/7,0.016113579
2012/9/6,0.014266958
2012/9/5,0.016212882
2012/9/4,0.014855425
2012/9/3,0.005517604
2012/8/31,-0.013214718
2012/8/30,-0.009426551
2012/8/29,0.003905903
2012/8/28,0.014572596
2012/8/27,0.028424232
2012/8/24,0.020577231
2012/8/23,-0.008275376
2012/8/22,-0.021476393
2012/8/21,-0.020276738
2012/8/20,-0.020760642
2012/8/17,-0.000967458
2012/8/16,0.011432592
2012/8/15,-0.003123102
2012/8/14,0.002886887
2012/8/13,0.013820776
2012/8/10,0.017812388
2012/8/9,0.020540062
2012/8/8,0.009627274
2012/8/7,8.92E-05
2012/8/6,-0.0025
2012/8/3,0.031036057
2012/8/2,0.039287681
2012/8/1,0.058923513
2012/7/31,0.057002643
2012/7/30,0.04412886
2012/7/27,0.025800377
2012/7/26,-0.005353621
2012/7/25,0.0066502
2012/7/24,0.005173405
2012/7/23,0.026880681
2012/7/20,0.031086578
2012/7/19,-0.014696246
2012/7/18,-0.031725417
2012/7/17,-0.016546215
2012/7/16,-0.007115385
2012/7/13,0.033471994
2012/7/12,0.062906725
2012/7/11,0.048663742
2012/7/10,0.037613489
2012/7/9,0.055118914
2012/7/6,0.010964912
2012/7/5,0.021285263
2012/7/4,-0.004667329
2012/7/3,-0.018041495
2012/7/2,-0.003575685
2012/6/29,0.008732279
2012/6/28,0.029652352
2012/6/27,0.092053415
2012/6/26,0.076791444
2012/6/25,0.046441625
2012/6/22,0.074607186
2012/6/21,0.004176742
2012/6/20,0.047853861
2012/6/19,0.003560255
2012/6/18,-0.049603175
2012/6/15,-0.052785008
2012/6/14,-0.085851859
2012/6/13,-0.046104765
2012/6/12,-0.009925558
2012/6/11,-0.00948747
2012/6/8,-0.003979592
2012/6/7,-0.02312255
2012/6/6,-0.032122486
2012/6/5,-0.036466614
2012/6/4,-0.008498584
2012/6/1,0.006272129
2012/5/31,0.015239256
2012/5/30,-0.012074212
2012/5/29,-0.04474727
2012/5/28,-0.073397075
2012/5/25,-0.081038185
2012/5/24,-0.046428906
2012/5/23,-0.028906617
2012/5/22,0.01061008
2012/5/21,-0.011991514
2012/5/18,-0.018196857
2012/5/17,-0.005506814
2012/5/16,-0.017955159
2012/5/15,-0.012209567
2012/5/14,-0.023687752
2012/5/11,-0.039706014
2012/5/10,-0.042490647
2012/5/9,-0.026434844
2012/5/8,-0.015459364
2012/5/7,-0.010290074
2012/5/4,-0.00795334
2012/5/3,-0.003975967
2012/5/2,-0.024810476
2012/5/1,-0.046277496
2012/4/30,-0.054320575
2012/4/27,-0.052649201
2012/4/26,-0.031294334
2012/4/25,-0.014342895
2012/4/24,0.004533244
2012/4/23,0.011086662
2012/4/20,0.009434757
2012/4/19,0.009767599
2012/4/18,0.009491525
2012/4/17,0.001610579
2012/4/16,-0.000589325
2012/4/13,0.000674082
2012/4/12,-0.026482963
2012/4/11,-0.029213298
2012/4/10,-0.009093184
2012/4/9,-0.01001001
2012/4/5,-0.01190185
2012/4/4,-0.015474358
2012/4/3,-0.020189635
2012/4/2,-0.039884671
2012/3/30,-0.022004305
2012/3/29,0.004475911
2012/3/28,-0.00040853
2012/3/27,0.005637887
2012/3/26,-0.000876215
2012/3/23,-0.022045364
2012/3/22,-0.021897227
2012/3/21,0.008283255
2012/3/20,0.01078905
2012/3/19,0.012326781
2012/3/16,-0.004613794
2012/3/15,-0.021222478
2012/3/14,0.013050571
2012/3/13,-0.003692406
2012/3/12,0.000318294
2012/3/9,0.003749801
2012/3/8,-0.026829656
2012/3/7,-0.006855867
2012/3/6,0.012487915
2012/3/5,0.027545499
2012/3/2,0.017609047
2012/3/1,0.014476345
2012/2/29,-0.016481775
2012/2/28,-0.00554378
2012/2/27,0.018510901
2012/2/24,-0.004187807
2012/2/23,0.005818124
2012/2/22,-0.007765734
2012/2/21,-0.01098454
2012/2/20,0.020631267
2012/2/17,0.045147855
2012/2/16,0.033784914
2012/2/15,0.023228707
2012/2/14,0.022954679
2012/2/13,0.023008095
2012/2/10,0.018655763
2012/2/9,0.028779443
2012/2/8,0.002867021
2012/2/7,0.001279863
2012/2/6,0.009980212
2012/2/3,0.007073234
2012/2/2,0.034997382
2012/2/1,0.045774962
2012/1/31,0.041860882
2012/1/30,0.044602631
2012/1/27,0.034582393
2012/1/26,0.005472815
2012/1/25,0.006950086
2012/1/24,0.010654767
2012/1/23,0.00654367
2012/1/20,0.007958039
2012/1/19,0.008465319
2012/1/18,-0.015598386
2012/1/17,-0.005693114
2012/1/16,-0.008517888
2012/1/13,-0.013292617
2012/1/12,0.01087449
2012/1/11,-0.003511932
2012/1/10,-0.004729609
2012/1/9,-0.017125706
2012/1/6,-0.018674967
2012/1/5,-0.017778171
2012/1/4,-0.006031577
2012/1/3,-0.003693931
2011/12/30,0.00285383
2011/12/29,0.052896256
2011/12/28,0.043792241
2011/12/27,0.057084418
2011/12/23,0.026173698
2011/12/22,-0.00537236
2011/12/21,0.001112244
2011/12/20,-0.001392628
2011/12/19,0.02379837
2011/12/16,0.041682748
2011/12/15,0.043928399
2011/12/14,0.039671815
2011/12/13,0.023788969
2011/12/12,-0.049871654
2011/12/9,-0.036453478
2011/12/8,-0.046216166
2011/12/7,-0.035704375
2011/12/6,-0.004108463
2011/12/5,-0.03203682
2011/12/2,-0.0108369
2011/12/1,-0.016645443
2011/11/30,0.004954583
2011/11/29,0.002623959
2011/11/28,-0.009113878
2011/11/25,0.008623853
2011/11/24,0.024342105
2011/11/23,0.025422156
2011/11/22,0.035507382
2011/11/21,-0.000275154
2011/11/18,-0.004491018
2011/11/17,0.00204537
2011/11/16,-0.011088523
2011/11/15,-0.025473722
2011/11/14,-0.047245498
2011/11/11,-0.033429188
2011/11/10,-0.041707252
2011/11/9,-0.016093571
2011/11/8,-0.00115751
2011/11/7,-0.032347826
2011/11/4,-0.014228352
2011/11/3,0.015539877
2011/11/2,0.013353785
2011/11/1,0.051765136
2011/10/31,0.045828008
2011/10/28,0.021997079
2011/10/27,0.008370485
2011/10/26,-0.024446824
2011/10/25,0.005784593
2011/10/24,-0.012261089
2011/10/21,-0.013817856
2011/10/20,0.023001095
2011/10/19,-0.007744169
2011/10/18,0.023341637
2011/10/17,0.002699055
2011/10/14,-0.005446623
2011/10/13,-0.022008376
2011/10/12,-0.007417582
2011/10/11,0.020005506
2011/10/10,0.019527996
2011/10/7,0.052320675
2011/10/6,0.031356252
2011/10/5,0.030644093
2011/10/4,0.051786236
2011/10/3,0.068744363
2011/9/30,0.040998918
2011/9/29,0.028902297
2011/9/28,-0.011736412
2011/9/27,-0.038724593
2011/9/26,-0.050681352
2011/9/23,-0.011352703
2011/9/22,-0.000192363
2011/9/21,-0.01592568
2011/9/20,-0.029177238
2011/9/19,-0.059706893
2011/9/16,-0.04737035
2011/9/15,-0.059971485
2011/9/14,-0.017275156
2011/9/13,0.008116735
2011/9/12,-0.005739273
2011/9/9,0.018422724
2011/9/8,-0.004167775
2011/9/7,-0.04277608
2011/9/6,-0.052072539
2011/9/5,-0.023917087
2011/9/2,0.024436773
2011/9/1,0.019763198
2011/8/31,0.013212005
2011/8/30,-0.017065738
2011/8/29,-0.034555341
2011/8/26,0.004022167
2011/8/25,0.026311063
2011/8/24,0.038239016
2011/8/23,0.035133908
2011/8/22,0.023511115
2011/8/19,0.027685493
2011/8/18,0.018412815
2011/8/17,0.029535471
2011/8/16,-0.011663653
2011/8/15,-0.007055805
2011/8/12,-0.011107065
2011/8/11,-0.009626955
2011/8/10,0.023884466
2011/8/9,0.022965879
2011/8/8,0.070878424
2011/8/5,0.041353383
2011/8/4,-0.012343421
2011/8/3,-0.005314685
2011/8/2,-0.094144661
2011/8/1,-0.10922205
2011/7/29,-0.063693177
2011/7/28,-0.081291759
2011/7/27,-0.035190866
2011/7/26,-0.00826024
2011/7/25,-0.012428137
2011/7/22,-0.010174665
2011/7/21,-0.011039016
2011/7/20,-0.000680793
2011/7/19,0.001100296
2011/7/18,0.007517512
2011/7/15,0.022576476
2011/7/14,0.002132014
2011/7/13,0.016256666
2011/7/12,-0.006703437
2011/7/11,-0.007610741
2011/7/8,0.00017059
2011/7/7,-0.017493451
2011/7/6,-0.006239987
2011/7/5,0.029220208
2011/7/4,0.031951413
2011/7/1,0.062303618
2011/6/30,0.061018162
2011/6/29,0.010135135
2011/6/28,0.010765125
2011/6/27,0.023993381
2011/6/24,0.054533447
2011/6/23,0.070015221
2011/6/22,0.04792094
2011/6/21,-0.047543998
2011/6/20,-0.044704822
2011/6/17,-0.058823529
2011/6/16,-0.052557195
2011/6/15,0.001666374
2011/6/14,-0.018228475
2011/6/13,-0.06418098
2011/6/10,-0.043995947
2011/6/9,-0.040074087
2011/6/8,-0.05486326
2011/6/7,0.012728044
2011/6/6,0.014043501
2011/6/3,0.037561146
2011/6/2,0.032199586
2011/6/1,0.019993076
2011/5/31,0.019645508
2011/5/30,-0.019275251
2011/5/27,0.010115103
2011/5/26,0.004433626
2011/5/25,-0.004519774
2011/5/24,0.015661707
2011/5/23,0.019106016
2011/5/20,0.044777475
2011/5/19,0.023667586
2011/5/18,0.031502423
2011/5/17,0.002048085
2011/5/16,0.001000091
2011/5/13,0.013984121
2011/5/12,-0.016419492
2011/5/11,-0.006018764
2011/5/10,-0.022919073
2011/5/9,-0.05772337
2011/5/6,-0.022605695
2011/5/5,0.035279025
2011/5/4,0.015974729
2011/5/3,-0.029375361
2011/5/2,-0.053491221
2011/4/29,-0.127797315
2011/4/28,-0.11986655
2011/4/27,-0.030635098
2011/4/26,-0.021417726
2011/4/25,0.007894313
2011/4/21,0.018033317
2011/4/20,0.008307122
2011/4/19,0.010335083
2011/4/18,0.023159977
2011/4/15,0.016857166
2011/4/14,0.004374241
2011/4/13,0.015163934
2011/4/12,-0.00817461
2011/4/11,0.009798223
2011/4/8,0.000243072
2011/4/7,-0.032667301
2011/4/6,-0.002771664
2011/4/5,-0.01529027
2011/4/4,0.00981836
2011/4/1,0.041797456
2011/3/31,0.033445661
2011/3/30,0.042092706
2011/3/29,0.061582559
2011/3/28,0.051233067
2011/3/25,0.033972125
2011/3/24,0.015312743
2011/3/23,-0.005098514
2011/3/22,-0.003375162
2011/3/21,-0.007778738
2011/3/18,0.005480167
2011/3/17,0.015711402
2011/3/16,0.005657093
2011/3/15,0.046112116
2011/3/14,0.058661019
2011/3/11,0.001846641
2011/3/10,0.009311314
2011/3/9,-0.041843542
2011/3/8,-0.063394859
2011/3/7,0.005837608
2011/3/4,-0.010431154
2011/3/3,-0.004656377
2011/3/2,0.010018294
2011/3/1,-0.028276751
2011/2/28,-0.003292324
2011/2/25,0.037298748
2011/2/24,0.023631175
2011/2/23,0.044809626
2011/2/22,0.037483146
2011/2/21,0.056910569
2011/2/18,0.060525818
2011/2/17,0.086227078
2011/2/16,0.084413686
2011/2/15,0.019271536
2011/2/14,0.040338449
2011/2/11,-0.005432674
2011/2/10,0.016346344
2011/2/9,0.023067823
2011/2/8,-0.006645817
2011/2/7,0.0316253
2011/2/4,0.010713928
2011/2/3,0.016127417
2011/2/2,0.005503145
2011/2/1,-0.023646668
2011/1/31,-0.018380185
2011/1/28,-0.011682012
2011/1/27,0.023536512
2011/1/26,0.050826574
2011/1/25,0.039117557
2011/1/24,0.060472441
2011/1/21,0.029086016
2011/1/20,-0.002151639
2011/1/19,0.013770967
2011/1/18,-0.029645477
2011/1/17,-0.012167689
2011/1/14,0.001744842
2011/1/13,-0.018296402
2011/1/12,0.008942337
2011/1/11,0.002357282
2011/1/10,0.002263142
2011/1/7,0.02800418
2011/1/6,0.042430087
2011/1/5,0.032268303
2011/1/4,0.017905759
2011/1/3,0.023201112
2010/12/31,-0.015921552
2010/12/30,-0.002427441
2010/12/29,0.025888925
2010/12/28,-0.006479711
2010/12/27,0.004873914
2010/12/24,0.009589771
2010/12/23,-0.007251786
2010/12/22,-0.001167109
2010/12/21,0.007794981
2010/12/20,0.006974249
2010/12/17,0.011106319
2010/12/16,0.028144431
2010/12/15,0.022379913
2010/12/14,0.011394466
2010/12/13,0.014660832
2010/12/10,0.003063793
2010/12/9,0.012378426
2010/12/8,0.012748654
2010/12/7,0.006940619
2010/12/6,0
2010/12/3,-0.010606889
2010/12/2,-0.004703566
2010/12/1,0.000882126
2010/11/30,0.028356026
2010/11/29,0.064362197
2010/11/26,0.046713991
2010/11/25,0.059710213
2010/11/24,0.032171893
2010/11/23,0.000931966
2010/11/22,0.049129129
2010/11/19,0.019294902
2010/11/18,0.020867916
2010/11/17,0.009288654
2010/11/16,-0.000360231
2010/11/15,-0.00908769
2010/11/12,-0.027893038
2010/11/11,-0.017103895
2010/11/10,-0.065319865
2010/11/9,-0.04754946
2010/11/8,-0.017774256
2010/11/5,-0.021817771
2010/11/4,0.011235955
2010/11/3,0.010909091
2010/11/2,0.02257467
2010/11/1,0.035710104
2010/10/29,0.041243205
2010/10/28,0.058328322
2010/10/27,0.033377198
2010/10/26,0.026192479
2010/10/25,0.011475018
2010/10/22,-0.004668422
2010/10/21,0.007594021
2010/10/20,0.01710864
2010/10/19,0.000717703
2010/10/18,0.030086313
2010/10/15,-0.016712101
2010/10/14,-0.007519709
2010/10/13,-0.007125891
2010/10/12,-0.044195639
2010/10/11,0.005841679
2010/10/8,-0.020434834
2010/10/7,0.002023087
2010/10/6,0.017020257
2010/10/5,-0.013872561
2010/10/4,-0.007897218
2010/10/1,0.009005764
2010/9/30,-0.003820896
2010/9/29,0.033410278
2010/9/28,0.050389996
2010/9/27,0.058061237
2010/9/24,0.065928471
2010/9/23,0.043616077
2010/9/22,0.034054538
2010/9/21,0.00974984
2010/9/20,0.001912777
2010/9/17,-0.005673222
2010/9/16,-0.001278609
2010/9/15,-0.006753313
2010/9/14,-0.012591287
2010/9/13,0.000630756
2010/9/10,-0.010876439
2010/9/9,0.002170859
2010/9/8,0.025171034
2010/9/7,0.014071895
2010/9/6,0.01710831
2010/9/3,0.018732926
2010/9/2,0.010434329
2010/9/1,0.016118549
2010/8/31,0.018205632
2010/8/30,0.029876742
2010/8/27,0.000913838
2010/8/26,0.003652968
2010/8/25,0.017728606
2010/8/24,0.015786609
2010/8/23,0.058303399
2010/8/20,0.041157294
2010/8/19,0.010234312
2010/8/18,-0.024169987
2010/8/17,-0.053485027
2010/8/16,-0.043026128
2010/8/13,-0.018114505
2010/8/12,-0.002913136
2010/8/11,0.007509881
2010/8/10,-0.009144771
2010/8/9,-0.049874372
2010/8/6,-0.067539202
2010/8/5,-0.053143713
2010/8/4,-0.048645999
2010/8/3,-0.03163017
2010/8/2,-0.020440252
2010/7/30,-0.008166295
2010/7/29,0.043873113
2010/7/28,0.059414873
2010/7/27,0.08703655
2010/7/26,0.061605149
2010/7/23,0.008774194
2010/7/22,0.001807618
2010/7/21,-0.022616294
2010/7/20,0.010083588
2010/7/19,0.016793493
2010/7/16,0.024199947
2010/7/15,0.032506302
2010/7/14,-0.009462479
2010/7/13,-0.00573963
2010/7/12,-0.01446631
2010/7/9,0.011949517
2010/7/8,0.005816259
2010/7/7,0.026100924
2010/7/6,0.043803564
2010/7/5,0.042407278
2010/7/2,0.058486078
2010/7/1,0.042707606
2010/6/30,0.016173625
2010/6/29,-0.047460339
2010/6/28,-0.052624602
2010/6/25,-0.076556257
2010/6/24,-0.073988735
2010/6/23,-0.019092455
2010/6/22,-0.010882392
2010/6/21,-0.005766274
2010/6/18,-0.008880995
2010/6/17,-0.022372795
2010/6/16,-0.030630402
2010/6/15,-0.001279754
2010/6/14,0.02230869
2010/6/11,0.03383558
2010/6/10,0.047112057
2010/6/9,0.037853633
2010/6/8,0.038104214
2010/6/7,0.046473029
2010/6/4,0.041874653
2010/6/3,0.044388958
2010/6/2,-0.015117358
2010/6/1,-0.019661017
2010/5/31,-0.008114427
2010/5/28,-0.034293369
2010/5/27,0.018778708
2010/5/26,-0.012188588
2010/5/25,0.013521048
2010/5/24,0.073328541
2010/5/21,0.040044963
2010/5/20,0.041573661
2010/5/19,-0.001391982
2010/5/18,-0.0561813
2010/5/17,-0.043799543
2010/5/14,-0.045539281
2010/5/13,-0.078147055
2010/5/12,-0.095050964
2010/5/11,-0.096723301
2010/5/10,-0.080220453
2010/5/7,-0.027333999
2010/5/6,0.040373068
2010/5/5,0.032193411
2010/5/4,-0.011620869
2010/5/3,-0.064783471
2010/4/30,-0.119968518
2010/4/29,-0.087031107
2010/4/28,-0.049367089
2010/4/27,-0.005687094
2010/4/26,0.036838424
2010/4/23,0.007025222
2010/4/22,-0.004011461
2010/4/21,0.005719622
2010/4/20,0.000933489
2010/4/19,0.023938679
2010/4/16,0.035854209
2010/4/15,-0.003721363
2010/4/14,-0.021577806
2010/4/13,-0.024165708
2010/4/12,-0.01634941
2010/4/9,0.00326683
2010/4/8,0.022769734
2010/4/7,0.02464332
2010/4/6,0.000467344
2010/4/5,-0.005107371
2010/4/2,-0.002794597
2010/4/1,0.009522676
2010/3/31,0.018807285
2010/3/30,0.04171705
2010/3/29,0.056594488
2010/3/26,0.034988296
2010/3/25,0.059528314
2010/3/24,0.038814219
2010/3/23,0.020849033
2010/3/22,0.00582404
2010/3/19,-0.015520238
2010/3/18,-0.00338007
2010/3/17,-0.022827688
2010/3/16,-0.015373353
2010/3/15,0.000124177
2010/3/12,0.01589724
2010/3/11,0.019009505
2010/3/10,0.014733193
2010/3/9,0.000621272
2010/3/8,-0.01601802
2010/3/5,-0.006337766
2010/3/4,0.011015146
2010/3/3,0.024700789
2010/3/2,0.008328076
2010/3/1,0.029291379
2010/2/26,0.039016777
2010/2/25,0.012243846
2010/2/24,0.038799318
2010/2/23,0.001152516
2010/2/22,-0.004660194
2010/2/19,-0.012975448
2010/2/18,-0.024299783
2010/2/17,0.0039856
2010/2/16,0.012849089
2010/2/15,0.038715645
2010/2/12,0.078334023
2010/2/11,0.066941015
2010/2/10,0.029007016
2010/2/9,0.035010941
2010/2/8,0.005268266
2010/2/5,0.039794608
2010/2/4,0.06509556
2010/2/3,0.013725218
2010/2/2,-0.049920969
2010/2/1,-0.078227715
2010/1/29,-0.048146628
2010/1/28,0.009375875
2010/1/27,0.052544018
2010/1/26,0.052879291
2010/1/25,-0.002455997
2010/1/22,-0.030261908
2010/1/21,-0.009611424
2010/1/20,-0.031375704
2010/1/19,-0.039701258
2010/1/18,-0.050753575
2010/1/15,-0.05538262
2010/1/14,-0.032810271
2010/1/13,-0.028636884
2010/1/12,-0.015097691
2010/1/11,-0.03419767
2010/1/8,-0.047671977
2010/1/7,-0.034410716
2010/1/6,-0.033002086
2010/1/5,-0.025155697
2010/1/4,0.004715225
2009/12/31,0.015601598
2009/12/30,0.045938663
2009/12/29,0.049468153
2009/12/28,0.037995878
2009/12/24,0.03621314
2009/12/23,0.021229197
2009/12/22,0.034194831
2009/12/21,0.056901715
2009/12/18,0.059323195
2009/12/17,0.034711864
2009/12/16,0.028349462
2009/12/15,-0.011172432
2009/12/14,0.001646768
2009/12/11,0.025872861
2009/12/10,0.020728993
2009/12/9,0.033815753
2009/12/8,0.00663075
2009/12/7,-0.043888815
2009/12/4,-0.059531598
2009/12/3,-0.073013416
2009/12/2,-0.07618683
2009/12/1,-0.034540318
2009/11/30,-0.036798992
2009/11/27,-0.012106538
2009/11/26,0.015288935
2009/11/25,0.011559943
2009/11/24,0.011601224
2009/11/23,0.026288255
2009/11/20,-0.003614769
2009/11/19,-0.002720207
2009/11/18,0.010303967
2009/11/17,-0.037875928
2009/11/16,-0.019121185
2009/11/13,-0.019807009
2009/11/12,0.017428908
2009/11/11,0.035169988
2009/11/10,0.00343075
2009/11/9,0.016258065
2009/11/6,-0.018773306
2009/11/5,0.011862396
2009/11/4,0.009103731
2009/11/3,-0.01761947
2009/11/2,-0.004352836
2009/10/30,-0.008883083
2009/10/29,0.037101064
2009/10/28,0.01089185
2009/10/27,0.0296599
2009/10/26,-0.017582136
2009/10/23,-0.026663215
2009/10/22,-0.011150532
2009/10/21,-0.045906175
2009/10/20,-0.022211068
2009/10/19,0.000258933
2009/10/16,0.014787193
2009/10/15,0.032731524
2009/10/14,0.045388954
2009/10/13,0.045620685
2009/10/12,0.065488423
2009/10/9,0.068711827
2009/10/8,0.089
2009/10/7,0.058764512
2009/10/6,0.086160714
2009/10/5,0.05075846
2009/10/2,0.028806584
2009/10/1,0.024974291
2009/9/30,-0.028761382
2009/9/29,-0.007383814
2009/9/28,0.038937242
2009/9/25,0.03860238
2009/9/24,0.062663185
2009/9/23,0.065566183
2009/9/22,-0.036770113
2009/9/21,-0.070750035
2009/9/18,-0.052118212
2009/9/17,-0.091138531
2009/9/16,-0.049755416
2009/9/15,-0.015906237
2009/9/14,-0.016747781
2009/9/11,0.043147579
2009/9/10,0.044525547
2009/9/9,0.025908961
2009/9/8,0.000429615
2009/9/7,-0.015125324
2009/9/4,0.029610702
2009/9/3,0.045495361
2009/9/2,0.040375447
2009/9/1,0.026012415
2009/8/31,-0.017717407
2009/8/28,-0.04063173
2009/8/27,-0.077895315
2009/8/26,-0.066887326
2009/8/25,-0.054710398
2009/8/24,-0.030214425
2009/8/21,-0.019795314
2009/8/20,-0.022644561
2009/8/19,-0.022910132
2009/8/18,-0.037136345
2009/8/17,0.026115794
2009/8/14,0.051743692
2009/8/13,0.026455767
2009/8/12,0.008790912
2009/8/11,-0.014167007
2009/8/10,-0.03316886
2009/8/7,-0.034855444
2009/8/6,0.004756081
2009/8/5,-0.018976346
2009/8/4,-0.033770362
2009/8/3,-0.003500269
2009/7/31,0.000543848
2009/7/30,0.043654114
2009/7/29,0.077021823
2009/7/28,0.116488802
2009/7/27,0.052518603
2009/7/24,0.012568846
2009/7/23,-0.002986348
2009/7/22,-0.039277978
2009/7/21,0.039726231
2009/7/20,0.058920293
2009/7/17,0.058398555
2009/7/16,0.059192414
2009/7/15,0.05427451
2009/7/14,0.052739295
2009/7/13,0.091865242
2009/7/10,0.076923077
2009/7/9,0.050939664
2009/7/8,0.039607201
2009/7/7,0.00695019
2009/7/6,-0.039854499
2009/7/3,-0.0529274
2009/7/2,-0.068739521
2009/7/1,-0.093323331
2009/6/30,-0.080825701
2009/6/29,-0.075757576
2009/6/26,-0.075785322
2009/6/25,-0.032936738
2009/6/24,-0.014187446
2009/6/23,0.014195814
2009/6/22,0.031831395
2009/6/19,0.02896387
2009/6/18,0.008527244
2009/6/17,-0.038418238
2009/6/16,-0.028934368
2009/6/15,-0.046412301
2009/6/12,-0.014948747
2009/6/11,-0.010306407
2009/6/10,-0.023432116
2009/6/9,-0.007909605
2009/6/8,0.008905487
2009/6/5,0.057748969
2009/6/4,0.061603746
2009/6/3,0.030417698
2009/6/2,0.056769885
2009/6/1,-0.004254071
2009/5/29,0.005443578
2009/5/28,0.048687424
2009/5/27,0.023140239
2009/5/26,0.09072
2009/5/25,0.109895493
2009/5/22,0.08819133
2009/5/21,0.059394538
2009/5/20,0.042883364
2009/5/19,0.010727843
2009/5/18,0.021894094
2009/5/15,0.03950744
2009/5/14,0.070560915
2009/5/13,0.034135518
2009/5/12,0.013764625
2009/5/11,-0.004765957
2009/5/8,-0.026096033
2009/5/7,0.007739938
2009/5/6,0.029219054
2009/5/5,0.046304541
2009/5/4,0.062084257
2009/5/1,0.065225357
2009/4/30,0.068495743
2009/4/29,0.105314961
2009/4/28,0.065773927
2009/4/27,0.091818364
2009/4/24,0.050278219
2009/4/23,-0.016837623
2009/4/22,0.013370585
2009/4/21,0.003613732
2009/4/20,0.01003613
2009/4/17,0.036301645
2009/4/16,-0.060731022
2009/4/15,-0.061251413
2009/4/14,-0.049961861
2009/4/13,-0.058001134
2009/4/9,0.00603432
2009/4/8,-0.034219148
2009/4/7,-0.004744733
2009/4/6,0.033385396
2009/4/3,0.015122511
2009/4/2,0.027492052
2009/4/1,-0.001137441
2009/3/31,0.057390586
2009/3/30,0.06114158
2009/3/27,0.114190456
2009/3/26,0.01481339
2009/3/25,-0.093901983
2009/3/24,-0.048695652
2009/3/23,-0.102990654
2009/3/20,-0.027866093
2009/3/19,0.043732917
2009/3/18,0.021314387
2009/3/17,0.12253462
2009/3/16,0.108416252
2009/3/13,0.102453724
2009/3/12,0.10440279
2009/3/11,0.031601732
2009/3/10,0.133725029
2009/3/9,0.029014396
2009/3/6,0.01168688
2009/3/5,0.005659556
2009/3/4,-0.024977085
2009/3/3,-0.02103209
2009/3/2,0.037757437
2009/2/27,0.088367685
2009/2/26,-0.058468177
2009/2/25,-0.008385293
2009/2/24,-0.013321291
2009/2/23,-0.006823529
2009/2/20,0.130763601
2009/2/19,0.110288852
2009/2/18,0.054774946
2009/2/17,0.074589128
2009/2/16,-0.000974896
2009/2/13,-0.032116451
2009/2/12,-0.062932381
2009/2/11,-0.140777754
2009/2/10,-0.094660194
2009/2/9,-0.056052345
2009/2/6,-0.05900882
2009/2/5,-0.040841842
2009/2/4,-0.024537236
2009/2/3,0.038505096
2009/2/2,0.08030853
2009/1/30,0.095162026
2009/1/29,0.012641674
2009/1/28,-0.02753304
2009/1/27,-0.018262806
2009/1/26,0.002058084
2009/1/23,-0.022998296
2009/1/22,-0.061401695
2009/1/21,-0.010795329
2009/1/20,-0.028653932
2009/1/19,0.076570381
2009/1/16,0.086966292
2009/1/15,-0.025338201
2009/1/14,-0.055788591
2009/1/13,-0.08399832
2009/1/12,-0.061973019
2009/1/9,0.023066784
2009/1/8,0.009314141
2009/1/7,0.001472135
2009/1/6,0.034452682
2009/1/5,-0.09914902
2009/1/2,-0.04796453
2008/12/31,0.013643146
2008/12/30,0.005922351
2008/12/29,0.258530511
2008/12/26,0.223674476
2008/12/24,0.222569716
2008/12/23,0.245288173
2008/12/22,-0.005203171
2008/12/19,-0.021712907
2008/12/18,-0.127954545
2008/12/17,-0.155673432
2008/12/16,-0.113551505
2008/12/15,-0.111468382
2008/12/12,-0.066610098
2008/12/11,-0.116544417
2008/12/10,-0.090127898
2008/12/9,0.100235849
2008/12/8,0.07014756
2008/12/5,0.130354675
2008/12/4,0.259184701
2008/12/3,0.002838221
2008/12/2,-0.030589789
2008/12/1,-0.044454225
2008/11/28,-0.171565562
2008/11/27,-0.209571883
2008/11/26,-0.144739319
2008/11/25,-0.15727003
2008/11/24,-0.047269116
2008/11/21,-0.008158724
2008/11/20,0.080097581
2008/11/19,0.121464226
2008/11/18,-0.026488786
2008/11/17,0.040316358
2008/11/14,-0.059644427
2008/11/13,-0.113569322
2008/11/12,-0.080369844
2008/11/11,-0.049156273
2008/11/10,-0.094199134
2008/11/7,-0.081922817
2008/11/6,-0.019354839
2008/11/5,-0.050670381
2008/11/4,-0.06659124
2008/11/3,-0.110776641
2008/10/31,-0.051752646
2008/10/30,-0.120789957
2008/10/29,-0.028880866
2008/10/28,0.014815946
2008/10/27,0.003151435
2008/10/24,0.063670412
2008/10/23,0.026752619
2008/10/22,-0.006826456
2008/10/21,-0.065561066
2008/10/20,-0.11919105
2008/10/17,-0.138553381
2008/10/16,-0.052873563
2008/10/15,-0.048938679
2008/10/14,-0.039404795
2008/10/13,-0.056952082
2008/10/10,-0.121323065
2008/10/9,-0.105249275
2008/10/8,-0.135540734
2008/10/7,-0.108855443
2008/10/6,-0.078095903
2008/10/3,-0.093929254
2008/10/2,-0.069695291
2008/10/1,-0.053555654
2008/9/30,-0.098709745
2008/9/29,-0.1476011
2008/9/26,-0.039689296
2008/9/25,-0.125362179
2008/9/24,-0.088623327
2008/9/23,-0.041776476
2008/9/22,-0.088280947
2008/9/19,-0.023576009
2008/9/18,0.050095372
2008/9/17,0.076268516
2008/9/16,0.086883172
2008/9/15,0.188522753
2008/9/12,0.056982173
2008/9/11,-0.042161401
2008/9/10,-0.045106726
2008/9/9,-0.114441687
2008/9/8,-0.060793303
2008/9/5,-0.039249807
2008/9/4,-0.045825728
2008/9/3,-0.052210724
2008/9/2,-0.071441792
2008/9/1,-0.045227986
2008/8/29,-0.04862444
2008/8/28,-0.067952652
2008/8/27,-0.053516686
2008/8/26,-0.067802444
2008/8/25,-0.045537817
2008/8/22,0.000175392
2008/8/21,0.002194522
2008/8/20,-0.032789614
2008/8/19,0.002360965
2008/8/18,0.006887417
2008/8/15,0.017688047
2008/8/14,0.067614394
2008/8/13,0.005981703
2008/8/12,-0.013931215
2008/8/11,-0.004977778
2008/8/8,-0.013325151
2008/8/7,-0.008201012
2008/8/6,-0.025538775
2008/8/5,-0.038461538
2008/8/4,-0.030841121
2008/8/1,-0.050215446
2008/7/31,-0.050893864
2008/7/30,-0.056299403
2008/7/29,-0.073957514
2008/7/28,-0.016543069
2008/7/25,-0.013191354
2008/7/24,-0.004336653
2008/7/23,0.005219867
2008/7/22,-0.020592226
2008/7/21,-0.028637592
2008/7/18,-0.061005957
2008/7/17,-0.028804056
2008/7/16,-0.044098573
2008/7/15,-0.046093808
2008/7/14,-0.051837552
2008/7/11,-0.104176701
2008/7/10,-0.0928784
2008/7/9,-0.043793565
2008/7/8,0.024015229
2008/7/7,0.065234919
2008/7/4,0.018467611
2008/7/3,-0.016548954
2008/7/2,-0.065032859
2008/7/1,-0.054277
2008/6/30,0.008530604
2008/6/27,0.032825574
2008/6/26,0.041123227
2008/6/25,0.031681327
2008/6/24,0.047197201
2008/6/23,0.024695882
2008/6/20,0.032374365
2008/6/19,0.036853033
2008/6/18,0.017651515
2008/6/17,0.000146585
2008/6/16,0.016377505
2008/6/13,0.001113503
2008/6/12,-0.023018281
2008/6/11,-0.005901639
2008/6/10,-0.018640834
2008/6/9,0.022234026
2008/6/6,0.008961243
2008/6/5,-0.003195584
2008/6/4,0.068370707
2008/6/3,0.079279279
2008/6/2,0.074891636
2008/5/30,0.075535073
2008/5/29,-0.001878228
2008/5/28,-0.037749232
2008/5/27,-0.048499198
2008/5/26,-0.002260151
2008/5/23,-0.034675531
2008/5/22,-0.035570419
2008/5/21,0.003218144
2008/5/20,-0.03308214
2008/5/19,0.035434919
2008/5/16,0.052055014
2008/5/15,0.044163533
2008/5/14,0.082116937
2008/5/13,0.0392651
2008/5/12,0.002967359
2008/5/9,0.013542005
2008/5/8,-0.022089314
2008/5/7,0.001383914
2008/5/6,0.019375409
2008/5/5,0.025018702
2008/5/2,0.062801932
2008/5/1,0.072276536
2008/4/30,0.106968326
2008/4/29,0.080369971
2008/4/28,0.040201005
2008/4/25,-0.018673976
2008/4/24,-0.050197696
2008/4/23,-0.02606262
2008/4/22,-0.026017517
2008/4/21,0.006813282
2008/4/18,0.016691427
2008/4/17,0.003686798
2008/4/16,0.035844525
2008/4/15,0.029202911
2008/4/14,0.025542212
2008/4/11,0.039605767
2008/4/10,0.036125703
2008/4/9,0.042472472
2008/4/8,0.029715762
2008/4/7,0.030468309
2008/4/4,0.012787008
2008/4/3,0.030219256
2008/4/2,0.056964495
2008/4/1,0.024963855
2008/3/31,0.069581711
2008/3/28,0.045862413
2008/3/27,-0.012045871
2008/3/26,-0.011904762
2008/3/25,-0.036734301
2008/3/24,-0.002982107
2008/3/20,0.039154817
2008/3/19,0.046025105
2008/3/18,0.032466243
2008/3/17,-0.046987495
2008/3/14,-0.018574939
2008/3/13,-0.05480226
2008/3/12,-0.053828088
2008/3/11,0.002373944
2008/3/10,-0.033254157
2008/3/7,0.019585253
2008/3/6,0.039753858
2008/3/5,0.026313225
2008/3/4,0.035517513
2008/3/3,0.068088597
2008/2/29,0.018909236
2008/2/28,0.025074925
2008/2/27,0.007333994
2008/2/26,-0.007632034
2008/2/25,0.010153815
2008/2/22,0.024669874
2008/2/21,0.040098959
2008/2/20,0.021093101
2008/2/19,0.010668563
2008/2/18,-0.00882711
2008/2/15,0.022126225
2008/2/14,0.017013632
2008/2/13,0.034258092
2008/2/12,0.060583235
2008/2/11,0.026497945
2008/2/8,0.011760932
2008/2/7,0.035022841
2008/2/6,0.04993786
2008/2/5,0.053315106
2008/2/4,0.053028597
2008/2/1,0.01624848
2008/1/31,-0.010398032
2008/1/30,-0.048042512
2008/1/29,-0.040095104
2008/1/28,-0.016630435
2008/1/25,-0.021230028
2008/1/24,0.014411441
2008/1/23,0.038845852
2008/1/22,0.062110367
2008/1/21,0.03312606
2008/1/18,0.03873843
2008/1/17,-0.001793119
2008/1/16,-0.024
2008/1/15,-0.011731844
2008/1/14,-0.036445717
2008/1/11,-0.036393089
2008/1/10,-0.025474909
2008/1/9,-0.029494687
2008/1/8,-0.037617887
2008/1/7,-0.030772451
2008/1/4,-0.035173218
2008/1/3,-0.047215621
2008/1/2,-0.033094262
2007/12/31,-0.023507768
2007/12/28,0.005753863
2007/12/27,0.030997017
2007/12/26,0.029753112
2007/12/24,0.041515861
2007/12/21,0.012405609
2007/12/20,0.015357993
2007/12/19,0.042913732
2007/12/18,0.026891124
2007/12/17,0.028628495
2007/12/14,0.0128163
2007/12/13,-0.008834115
2007/12/12,-0.003702897
2007/12/11,-0.036561899
2007/12/10,0.018293363
2007/12/7,0.041458428
2007/12/6,0.035875451
2007/12/5,0.037258816
2007/12/4,0.013108826
2007/12/3,-0.016642466
2007/11/30,-0.012917595
2007/11/29,0.021753909
2007/11/28,-0.019175349
2007/11/27,-0.003117693
2007/11/26,-0.029399049
2007/11/23,-0.074066303
2007/11/22,-0.057852966
2007/11/21,-0.04962963
2007/11/20,-0.024462252
2007/11/19,-0.001780291
2007/11/16,0.037711313
2007/11/15,0.031434185
2007/11/14,0.051091655
2007/11/13,0.052115469
2007/11/12,0.044363966
2007/11/9,0.001530389
2007/11/8,-0.031659154
2007/11/7,-0.021877357
2007/11/6,-0.052338052
2007/11/5,-0.019086425
2007/11/2,0.029727042
2007/11/1,0.007710686
2007/10/31,0.03923317
2007/10/30,0.029019089
2007/10/29,0.034881061
2007/10/26,0.019486271
2007/10/25,0.011613485
2007/10/24,0.03600823
2007/10/23,0.036387341
2007/10/22,0.090162945
2007/10/19,0.065089468
2007/10/18,0.044038668
2007/10/17,-0.002718676
2007/10/16,-0.003368218
2007/10/15,-0.003351287
2007/10/12,0.018475751
2007/10/11,0.055257578
2007/10/10,0.042121098
2007/10/9,0.066777324
2007/10/8,0.064432656
2007/10/5,0.050032744
2007/10/4,0.013982458
2007/10/3,-0.008230974
2007/10/2,0.005987245
2007/10/1,-0.013310933
2007/9/28,0.013266358
2007/9/27,-0.002526209
2007/9/26,-0.039985006
2007/9/25,-0.000645745
2007/9/24,0.000257666
2007/9/21,0.003294893
2007/9/20,0.009205549
2007/9/19,-0.020988747
2007/9/18,-0.010832165
2007/9/17,0.017012502
2007/9/14,0.030137698
2007/9/13,0.037654159
2007/9/12,0.017505187
2007/9/11,0.005572836
2007/9/10,0.015969381
2007/9/7,0.015995734
2007/9/6,0.03294937
2007/9/5,0.031964692
2007/9/4,0.026693767
2007/9/3,0.014880952
2007/8/31,0.017027653
2007/8/30,0.028614665
2007/8/29,0.026425591
2007/8/28,0.024816304
2007/8/27,0.040538625
2007/8/24,0.024524313
2007/8/23,0.018125177
2007/8/22,0.032493559
2007/8/21,0.026928675
2007/8/20,0.032901441
2007/8/17,0.011023622
2007/8/16,-0.008233958
2007/8/15,-0.015336104
2007/8/14,-0.045441912
2007/8/13,-0.013139305
2007/8/10,0.000141985
2007/8/9,-0.012176129
2007/8/8,0.019696755
2007/8/7,-0.002958163
2007/8/6,-0.01908078
2007/8/3,-0.007587467
2007/8/2,-0.055919732
2007/8/1,-0.062961985
2007/7/31,-0.04711347
2007/7/30,-0.076314082
2007/7/27,-0.013071032
2007/7/26,-0.006556517
2007/7/25,0.00226124
2007/7/24,0.00956499
2007/7/23,0.008790623
2007/7/20,-0.007806401
2007/7/19,-0.031684699
2007/7/18,-0.017381228
2007/7/17,-0.021886399
2007/7/16,0.017608897
2007/7/13,0.017695635
2007/7/12,0.007392996
2007/7/11,0.00418629
2007/7/10,-0.003693444
2007/7/9,-0.005086072
2007/7/6,0.013940032
2007/7/5,0.009242144
2007/7/4,0.007977663
2007/7/3,0.049691992
2007/7/2,0.042643631
2007/6/29,0.042819771
2007/6/28,0.053213836
2007/6/27,0.035876347
2007/6/26,0.034028073
2007/6/25,0.035057717
2007/6/22,0.000700673
2007/6/21,-0.009272267
2007/6/20,0.004414697
2007/6/19,-0.003550128
2007/6/18,-0.006681514
2007/6/15,-0.013854253
2007/6/14,-0.017489856
2007/6/13,-0.013172646
2007/6/12,0.027019299
2007/6/11,0.047301219
2007/6/8,0.027310622
2007/6/7,0.039475601
2007/6/6,-0.018383385
2007/6/5,-0.029569135
2007/6/4,-0.012491128
2007/6/1,-0.024857955
2007/5/31,0.031706964
2007/5/30,0.043797766
2007/5/29,0.038472877
2007/5/28,0.033318656
2007/5/25,-0.009180892
2007/5/24,-0.037487622
2007/5/23,-0.040723982
2007/5/22,-0.034985836
2007/5/21,0.002733026
2007/5/18,0.002837282
2007/5/17,0.018726592
2007/5/16,0.004696172
2007/5/15,0.022804178
2007/5/14,0.030254312
2007/5/11,0.031807372
2007/5/10,0.044130758
2007/5/9,0.026427061
2007/5/8,0.049386503
2007/5/7,0.019239509
2007/5/4,0.034588778
2007/5/3,0.013933548
2007/5/2,-0.012869039
2007/5/1,-0.003622642
2007/4/30,-0.029104478
2007/4/27,-0.0345898
2007/4/26,-0.03449788
2007/4/25,-0.020694752
2007/4/24,-0.02289631
2007/4/23,0.00729601
2007/4/20,0.003815114
2007/4/19,0.017446233
2007/4/18,0.039884744
2007/4/17,0.016959419
2007/4/16,0.033672076
2007/4/13,-0.011301115
2007/4/12,-0.039195687
2007/4/11,-0.041648527
2007/4/10,-0.028297716
2007/4/9,-0.00605971
2007/4/5,0.025706172
2007/4/4,0.006426172
2007/4/3,-0.007750804
2007/4/2,-0.001475797
2007/3/30,-0.026622054
2007/3/29,0.005433186
2007/3/28,0.004259069
2007/3/27,0.030100334
2007/3/26,0.064086687
2007/3/23,0.057289241
2007/3/22,0.077714467
2007/3/21,0.05231163
2007/3/20,0.063024519
2007/3/19,0.069933555
2007/3/16,0.043952412
2007/3/15,0.036650083
2007/3/14,0.001483191
2007/3/13,-0.017784304
2007/3/12,-0.011111111
2007/3/9,-0.01373896
2007/3/8,-0.016531605
2007/3/7,-0.028068506
2007/3/6,-0.0208
2007/3/5,-0.004072324
2007/3/2,0.019160885
2007/3/1,0.015786082
2007/2/28,0.006279182
2007/2/27,-0.00807885
2007/2/26,-0.013363755
2007/2/23,0.012228925
2007/2/22,0.020203679
2007/2/21,0.020950181
2007/2/20,0.033866891
2007/2/19,0.057778544
2007/2/16,0.047127623
2007/2/15,0.028329092
2007/2/14,0.030381944
2007/2/13,0.009576876
2007/2/12,-0.010888057
2007/2/9,0.02736145
2007/2/8,-0.036305839
2007/2/7,-0.039310806
2007/2/6,0.018011777
2007/2/5,-0.017802123
2007/2/2,0.028743546
2007/2/1,0.023454888
2007/1/31,0.017983075
2007/1/30,0.017770035
2007/1/29,0.030324526
2007/1/26,0.088114754
2007/1/25,0.025863628
2007/1/24,0.060606061
2007/1/23,0.017319141
2007/1/22,-0.025771325
2007/1/19,0.04914611
2007/1/18,0.012724551
2007/1/17,0.071111111
2007/1/16,0.043956044
2007/1/15,0.020922123
2007/1/12,-0.000187091
2007/1/11,-0.031624251
2007/1/10,0.005908138
2007/1/9,-0.055097932
2007/1/8,-0.051968783
2007/1/5,-0.038848921
2007/1/4,-0.0569734
2007/1/3,-0.008709853
2007/1/2,-0.027260179
2006/12/29,-0.080079418
2006/12/28,-0.085770621
2006/12/27,-0.091643316
2006/12/26,-0.042300066
2006/12/22,-0.010801964
2006/12/21,-0.02499199
2006/12/20,-0.028658341
2006/12/19,-0.042859402
2006/12/18,-0.027224964
2006/12/15,0.004667632
2006/12/14,-0.016223027
2006/12/13,0.005406265
2006/12/12,0.017495545
2006/12/11,0.007132436
2006/12/8,0.022383253
2006/12/7,0.004632588
2006/12/6,-0.020935765
2006/12/5,-0.02188045
2006/12/4,-0.019267214
2006/12/1,-0.013396375
2006/11/30,-0.024295884
2006/11/29,-0.018518519
2006/11/28,0.00396385
2006/11/27,0.036595328
2006/11/24,0.069159497
2006/11/23,0.070464768
2006/11/22,0.062679023
2006/11/21,0.028912422
2006/11/20,0.000827952
2006/11/17,0.017802645
2006/11/16,0.006102729
2006/11/15,0.01622822
2006/11/14,-0.003629764
2006/11/13,-0.018472292
2006/11/10,-0.023990735
2006/11/9,-0.043151357
2006/11/8,-0.034718904
2006/11/7,-0.015724816
2006/11/6,0.033515732
2006/11/3,0.023933054
2006/11/2,0.061538462
2006/11/1,0.054950752
2006/10/31,-0.00847745
2006/10/30,0.012197188
2006/10/27,0.008009543
2006/10/26,-0.052554028
2006/10/25,-0.029455323
2006/10/24,-0.048670427
2006/10/23,-0.019712663
2006/10/20,0.031582503
2006/10/19,0.018264075
2006/10/18,0.019385576
2006/10/17,0.004699564
2006/10/16,-0.028388579
2006/10/13,-0.03211158
2006/10/12,0.00313118
2006/10/11,-0.005176156
2006/10/10,0.021968808
2006/10/9,0.022553897
2006/10/6,-0.012691181
2006/10/5,0.001002841
2006/10/4,-0.006166667
2006/10/3,0.018237082
2006/10/2,0.051856923
2006/9/29,-0.01025641
2006/9/28,-0.039692702
2006/9/27,-0.053086025
2006/9/26,-0.060761935
2006/9/25,0.005489022
2006/9/22,0.027631579
2006/9/21,0.035259063
2006/9/20,0.014183241
2006/9/19,-0.005787994
2006/9/18,-0.022036352
2006/9/15,-0.056830601
2006/9/14,-0.031422706
2006/9/13,-0.048316021
2006/9/12,-0.032975579
2006/9/11,-0.003733084
2006/9/8,-0.038560802
2006/9/7,-0.046661665
2006/9/6,-0.033669021
2006/9/5,-0.039444195
2006/9/4,-0.032603907
2006/9/1,-0.015654999
2006/8/31,-0.037888648
2006/8/30,-0.047259786
2006/8/29,-0.029780564
2006/8/28,-0.030775837
2006/8/25,-0.023580909
2006/8/24,-0.033700138
2006/8/23,-0.034397358
2006/8/22,-0.029991669
2006/8/21,-0.033042054
2006/8/18,-0.00926683
2006/8/17,0.005255878
2006/8/16,0.006146968
2006/8/15,0.005629548
2006/8/14,-0.005286702
2006/8/11,-0.028617493
2006/8/10,-0.052046087
2006/8/9,-0.030484558
2006/8/8,-0.043562816
2006/8/7,-0.037874871
2006/8/4,-0.033904811
2006/8/3,-0.01196896
2006/8/2,0.007445141
2006/8/1,0.006112628
2006/7/31,0.029911714
2006/7/28,0.011709914
2006/7/27,0.043193896
2006/7/26,0.025063325
2006/7/25,0.025540541
2006/7/24,0.025518559
2006/7/21,-0.016351695
2006/7/20,0.017084746
2006/7/19,0.003798155
2006/7/18,-0.008389716
2006/7/17,0.003362023
2006/7/14,-0.028582719
2006/7/13,-0.049755092
2006/7/12,-0.042622101
2006/7/11,-0.008004269
2006/7/10,0.023318507
2006/7/7,0.054936089
2006/7/6,0.050061216
2006/7/5,0.01187905
2006/7/4,0.002838605
2006/7/3,0.014204937
2006/6/30,0.0016351
2006/6/29,0.007754047
2006/6/28,0.015093304
2006/6/27,0.015404005
2006/6/26,0.033953226
2006/6/23,0.039304397
2006/6/22,0.042185042
2006/6/21,0.020872051
2006/6/20,0.026167414
2006/6/19,0.038924794
2006/6/16,0.02672148
2006/6/15,0.016715116
2006/6/14,0.010518627
2006/6/13,-0.005986275
2006/6/12,-0.002781845
2006/6/9,-0.020222159
2006/6/8,-0.043326345
2006/6/7,-0.008110065
2006/6/6,-0.012863131
2006/6/5,-0.008332156
2006/6/2,0.002522068
2006/6/1,-0.027875546
2006/5/31,-0.00288226
2006/5/30,0.005681011
2006/5/26,0.004503871
2006/5/25,0.006233178
2006/5/24,-0.018667798
2006/5/23,0.017191563
2006/5/22,0.000704225
2006/5/19,0.017880317
2006/5/18,0.029557368
2006/5/17,-0.006459021
2006/5/16,0.02838934
2006/5/15,-0.010416667
2006/5/12,-0.021373611
2006/5/11,-0.042863031
2006/5/10,-0.067531064
2006/5/9,-0.032578686
2006/5/8,-0.01266179
2006/5/5,0.036746902
2006/5/4,0.043551797
2006/5/3,0.030587566
2006/5/2,-0.021610461
2006/5/1,-0.059351554
2006/4/28,-0.039788875
2006/4/27,-0.024021105
2006/4/26,0.024538147
2006/4/25,0.035372451
2006/4/24,0.009288349
2006/4/21,-0.013424658
2006/4/20,-0.0490814
2006/4/19,-0.01489478
2006/4/18,-0.00705276
2006/4/17,0.006757689
2006/4/13,0.043520851
2006/4/12,0.036984554
2006/4/11,0.055396507
2006/4/10,0.039718956
2006/4/7,0.032211469
2006/4/6,0.042700946
2006/4/5,0.029775943
2006/4/4,0.039344262
2006/4/3,0.042777527
2006/3/31,0.012567325
2006/3/30,0.029282355
2006/3/29,0.009629853
2006/3/28,0.012814645
2006/3/27,0.028782515
2006/3/24,0.036157837
2006/3/23,0.046449378
2006/3/22,0.036036036
2006/3/21,0.056422764
2006/3/20,0.02382102
2006/3/17,0.03537659
2006/3/16,0.000158078
2006/3/15,-0.042205264
2006/3/14,-0.015372425
2006/3/13,-0.045440398
2006/3/10,0.011350919
2006/3/9,0.050900164
2006/3/8,0.025349366
2006/3/7,0.070464768
2006/3/6,0.022560078
2006/3/3,-0.019890921
2006/3/2,-0.04113431
2006/3/1,-0.063056032
2006/2/28,-0.020496397
2006/2/27,0.009391192
2006/2/24,0.052303656
2006/2/23,0.023482428
2006/2/22,0.031549389
2006/2/21,0.021839841
2006/2/20,-0.009902597
2006/2/17,0.017224569
2006/2/16,0.010853231
2006/2/15,0.028065998
2006/2/14,0.059329321
2006/2/13,0.033938172
2006/2/10,-0.01204223
2006/2/9,-0.037176548
2006/2/8,-0.060429795
2006/2/7,-0.04077357
2006/2/6,-0.031165095
2006/2/3,-0.035843992
2006/2/2,-0.023663038
2006/2/1,-0.013199746
2006/1/31,-0.037828694
2006/1/30,-0.040309138
2006/1/27,-0.048055264
2006/1/26,-0.050724638
2006/1/25,0.001694393
2006/1/24,0.027401526
2006/1/23,0.019130701
2006/1/20,0.00120919
2006/1/19,-0.022730694
2006/1/18,-0.015330369
2006/1/17,0.017915563
2006/1/16,0.019414484
2006/1/13,0.051440329
2006/1/12,0.04201278
2006/1/11,0.024744572
2006/1/10,0.039397822
2006/1/9,0.014125201
2006/1/6,0.009514594
2006/1/5,-0.00127551
2006/1/4,0.02142974
